[FILL] the	OBJECT/AGENT	WHERE	[FILL] is the	CLASS	[FILL] that is	RELATIVE DISTANCE	[FILL] to	TO REFERENCE POINT	[FILL] than	COMPARISON	SCOPE	[SKIP] COMMENTS	[SKIP] UID	
the	Sun		is the 	star	that is	closest	to	Earth				Note: Table will likely need refactoring after we have a bunch of similar examples	4e12-62f2-0830-d602	
	Pluto		is the	planet	that is	ninth closest	to the 	Sun					0390-aada-ce88-9040	
	Earth		is the	planet	that is	third closest	to the 	Sun					a352-bde5-b854-f460	
	Boston		is	city	that is	near	to the 	coast of the Atlantic Ocean					6d05-237f-42f2-6589	
the	stars	in the night sky	are			very far away	from the	Earth				# 164, okay?	c14b-4971-7d32-d1d3	
	Earth		is a	planet	that is	closer	to the 	Sun	than	Jupiter		# Example of new refactored table	fe9e-0b3d-813c-75d7	
the	moon		is the	celestial object	that is	closest	to the 	Earth					ae9e-abc3-9cb3-216c	
