[FILL] Matter in the	PHASE	[FILL] phase has 	VALUE	ATTRIBUTE	[SKIP] COMMENTS	[SKIP] DEP	[SKIP] UID	
Matter in the	solid	phase has	definite	shape			d068-9891-46a3-e999	
Matter in the	liquid	phase has	variable	shape			5458-220e-3046-62d2	
Matter in the	gas	phase has	variable	shape			77a9-72bb-f1d8-77ff	
Matter in the	solid	phase has	definite	volume			92b1-8801-0e59-845e	
Matter in the	liquid	phase has	definite	volume			d048-a12a-4f58-5472	
Matter in the	gas	phase has	variable	volume			42dd-0aaa-7736-eea9	
