[FILL] a/the	AGENT	ACTION	EVENT	QUANTIFIER	[FILL] occurs over a period of	LOWERBOUND	[FILL] to	UPPERBOUND	DURATIONUNIT	[FILL] which is considered a	MAGNITUDE	ATTRIBUTE	SCOPE	[SKIP] COMMENTS	[SKIP] DEP	[SKIP] UID	
the	Moon	completes	a lunar cycle		over a period of	29			days					# Q 985		6195-e804-0ead-efb6	
an			earthquake	usually	occurs over a period of	10	to	30	seconds					# Q 666, table is a mess		e18f-5f8a-04fd-76f7	
			natural selection		occurs over a period of	1	to	many	generations	which is considered a 	very long	time	to a human	# Q 954		d444-1a28-c2ef-6421	
			weathering; erosion	usually	occurs over a period of	many			years					# Q 666		3823-1fac-a50b-665f	
	fossil fuels; fossils	forming			occurs over a period of	300000000			years	which is considered a 	very long	time	to a human	# Q 988		a3a9-88b4-59db-d0b9	
	nonrenewable resources	forming			occurs over a period of	300000000			years	which is considered a 	very long	time	to a human	# Q 988		1456-98fe-3171-af46	
a	canyon	forming			occurs over a period of	millions			of years					# Q 1918		2729-44c9-6c43-99ee	
a	drought				occurs over a period of	months; years										5a68-c204-4a35-9c42	
